Policy Number,Customer Name,DOB,Gender,PAN,Mobile,Email,Insurer,Plan Name,Coverage Amount,Annual Premium,Policy Start Date,Policy End Date,Policy Type,City
HEPOL100000,Prakash Sharma,19720129,M,ONREL7123Y,917456775329,prakash.sharma0@gmail.com,Bajaj Allianz,Standard Plan,300000,22630,20240320,20320220,Family Floater,PUNE
HEPOL100001,Rohit Patil,19840203,M,LRARZ4705X,918437535251,rohit.patil1@gmail.com,SBI Life,Standard Plan,500000,32048,20240404,20350505,Family Floater,MUMBAI
HEPOL100002,Vikas Patil,19931215,M,WXFCFS446E,918834117223,vikas.patil2@gmail.com,ICICI Lombard,Standard Plan,1000000,20191,20221016,20321105,Family Floater,BENGALURU
HEPOL100003,Vikas Kulkarni,19661211,F,OXLSI7169D,919926630443,vikas.kulkarni3@gmail.com,HDFC Life,Standard Plan,1000000,18811,20240726,20301102,Individual,DELHI
HEPOL100004,Rohit Kulkarni,19730602,M,CVCCN8751T,918334239985,rohit.kulkarni4@gmail.com,HDFC Life,Standard Plan,1000000,39363,20241123,20250513,Family Floater,PUNE
HEPOL100005,Prakash Joshi,19671123,M,GRIZC7736O,918345531492,prakash.joshi5@gmail.com,SBI Life,Standard Plan,500000,13328,20220329,20330131,Individual,MUMBAI
HEPOL100006,Prakash Patil,19980510,F,IPMKK9359E,917880510069,prakash.patil6@gmail.com,SBI Life,Standard Plan,300000,24710,20220725,20250204,Family Floater,CHENNAI
HEPOL100007,Prakash Sharma,19790730,F,KYOVH3081U,918107699324,prakash.sharma7@gmail.com,Bajaj Allianz,Standard Plan,1000000,26815,20240324,20350208,Family Floater,PUNE
HEPOL100008,Nitin Desai,19710316,M,UGGSE4363L,918973471806,nitin.desai8@gmail.com,ICICI Lombard,Standard Plan,300000,9208,20231229,20300612,Family Floater,PUNE
HEPOL100009,Rohit Patil,19921111,M,KXCZI6503P,918218665207,rohit.patil9@gmail.com,SBI Life,Standard Plan,500000,36726,20240312,20351103,Family Floater,BENGALURU
HEPOL100010,Vikas Desai,19670703,F,HVBNK9341L,917411124680,vikas.desai10@gmail.com,HDFC Life,Standard Plan,500000,29413,20240722,20260922,Individual,BENGALURU
HEPOL100011,Suresh Patil,19810211,F,RJYGS8538R,918977350737,suresh.patil11@gmail.com,SBI Life,Standard Plan,500000,38486,20230812,20340129,Individual,DELHI
HEPOL100012,Manoj Joshi,19890331,M,IELWJ2062X,917540097048,manoj.joshi12@gmail.com,Tata AIG,Standard Plan,300000,27293,20240520,20270401,Family Floater,HYDERABAD
HEPOL100013,Kiran Kulkarni,19670807,F,IDHEE1342W,919208907019,kiran.kulkarni13@gmail.com,ICICI Lombard,Standard Plan,1000000,10042,20240518,20270611,Individual,BENGALURU
HEPOL100014,Manoj Gupta,19650404,M,VSCSE4924X,919335928938,manoj.gupta14@gmail.com,Bajaj Allianz,Standard Plan,300000,26834,20220806,20330804,Individual,MUMBAI
HEPOL100015,Nitin Sharma,19950205,M,PODIH6140T,91987102290,nitin.sharma15@gmail.com,Bajaj Allianz,Standard Plan,300000,28168,20221017,20321115,Family Floater,DELHI
HEPOL100016,Prakash Mehta,19740727,M,NEAEZ9980B,917928787611,prakash.mehta16@gmail.com,Bajaj Allianz,Standard Plan,500000,21310,20230204,20300518,Individual,BENGALURU
HEPOL100017,Suresh Kulkarni,19831207,F,WKEN56237P,918101765736,suresh.kulkarni17@gmail.com,SBI Life,Standard Plan,1000000,16024,20230418,20340515,Family Floater,CHENNAI
HEPOL100018,Vikas Gupta,19940627,F,LMGAG6148D,919669314064,vikas.gupta18@gmail.com,Tata AIG,Standard Plan,1000000,11333,20220131,20311022,Individual,MUMBAI
HEPOL100019,Nitin Patil,19810418,M,EAXHF2718R,917550112988,nitin.patil19@gmail.com,Tata AIG,Standard Plan,300000,20382,20230109,20290521,Individual,HYDERABAD
HEPOL100020,Amit Mehta,19750216,M,NIMBF1008G,919697996818,amit.mehta20@gmail.com,SBI Life,Standard Plan,300000,30291,20220406,20330607,Individual,BENGALURU
HEPOL100021,Rahul Patil,19690324,F,LGGEK7814Q,918455908596,rahul.patil21@gmail.com,SBI Life,Standard Plan,500000,37367,20220709,20310511,Individual,CHENNAI
HEPOL100022,Prakash Mehta,19961219,M,GEVKX9508D,91968715519,prakash.mehta22@gmail.com,ICICI Lombard,Standard Plan,500000,25661,20240404,20260403,Individual,DELHI
HEPOL100023,Manoj Gupta,19840907,F,QETAL8599U,917600490183,manoj.gupta23@gmail.com,HDFC Life,Standard Plan,500000,31816,20230805,20310330,Individual,PUNE
HEPOL100024,Vikas Mehta,19721108,F,UFQAG5753I,918514846574,vikas.mehta24@gmail.com,Tata AIG,Standard Plan,1000000,19105,20220423,20250603,Individual,DELHI
HEPOL100025,Prakash Patil,19930308,F,XMMPL3793G,918276027032,prakash.patil25@gmail.com,SBI Life,Standard Plan,500000,32400,20220415,20331020,Individual,PUNE
HEPOL100026,Nitin Joshi,19711113,F,PHLQL2989W,918064271904,nitin.joshi26@gmail.com,Tata AIG,Standard Plan,500000,34729,20240127,20311023,Individual,MUMBAI
HEPOL100027,Kiran Gupta,19651214,F,ALPLT8689E,919651742476,kiran.gupta27@gmail.com,Tata AIG,Standard Plan,1000000,14941,20230723,20320823,Individual,MUMBAI
HEPOL100028,Amit Desai,19860831,F,AMVME2215H,919953562832,amit.desai28@gmail.com,ICICI Lombard,Standard Plan,300000,35032,20220619,20310308,Individual,CHENNAI
HEPOL100029,Anil Verma,19961010,F,MJTMZ8660Y,919616373098,anil.verma29@gmail.com,Tata AIG,Standard Plan,1000000,36520,20220912,20310726,Individual,MUMBAI
HEPOL100030,Kiran Kulkarni,19950911,M,IOTMM5780M,917718006074,kiran.kulkarni30@gmail.com,ICICI Lombard,Standard Plan,500000,25098,20240812,20300722,Individual,CHENNAI
HEPOL100031,Amit Joshi,19700703,M,HKXKE1635F,918345654532,amit.joshi31@gmail.com,HDFC Life,Standard Plan,1000000,22171,20220817,20250630,Family Floater,HYDERABAD
HEPOL100032,Rohit Patil,19890103,M,JSQAV2084G,917956568085,rohit.patil32@gmail.com,SBI Life,Standard Plan,1000000,36952,20240311,20321213,Family Floater,CHENNAI
HEPOL100033,Nitin Desai,19960723,F,DBTEI3958N,919835575537,nitin.desai33@gmail.com,HDFC Life,Standard Plan,1000000,19679,20230326,20310713,Individual,MUMBAI
HEPOL100034,Rahul Sharma,19820428,F,GZSID1235I,917998424302,rahul.sharma34@gmail.com,HDFC Life,Standard Plan,1000000,17350,20220427,20350619,Individual,BENGALURU
HEPOL100035,Prakash Sharma,19710824,M,BBZXG1203S,919903836445,prakash.sharma35@gmail.com,Bajaj Allianz,Standard Plan,1000000,11058,20240108,20311121,Individual,PUNE
HEPOL100036,Kiran Kulkarni,19961126,M,XDCPG3465I,917477880646,kiran.kulkarni36@gmail.com,Bajaj Allianz,Standard Plan,300000,20762,20241121,20250823,Individual,HYDERABAD
HEPOL100037,Amit Sharma,19721121,F,BBJFM7512P,918724762027,amit.sharma37@gmail.com,ICICI Lombard,Standard Plan,300000,34182,20220801,20310502,Individual,BENGALURU
HEPOL100038,Rahul Desai,19821004,M,MYEHM5813Z,918260531731,rahul.desai38@gmail.com,HDFC Life,Standard Plan,300000,27780,20230823,20260509,Individual,DELHI
HEPOL100039,Manoj Kulkarni,19791027,M,EUDTF8700R,919888848044,manoj.kulkarni39@gmail.com,Bajaj Allianz,Standard Plan,1000000,20027,20221023,20290529,Individual,MUMBAI
HEPOL100040,Nitin Joshi,19920428,F,YCMVB3493G,918915805580,nitin.joshi40@gmail.com,Tata AIG,Standard Plan,500000,20700,20230105,20310621,Family Floater,BENGALURU
HEPOL100041,Vikas Joshi,19800422,F,GGRXS2921W,918069467924,vikas.joshi41@gmail.com,HDFC Life,Standard Plan,1000000,24269,20240729,20300819,Family Floater,MUMBAI
HEPOL100042,Prakash Patil,19900417,F,HYDTC9367X,917673902208,prakash.patil42@gmail.com,Tata AIG,Standard Plan,500000,11338,20231127,20340102,Family Floater,PUNE
HEPOL100043,Rohit Sharma,19900101,M,JRAQU1830L,917088374380,rohit.sharma43@gmail.com,ICICI Lombard,Standard Plan,1000000,12314,20220227,20281116,Individual,HYDERABAD
HEPOL100044,Rahul Kulkarni,19651101,F,WKIAT4779S,917346386898,rahul.kulkarni44@gmail.com,Bajaj Allianz,Standard Plan,1000000,12103,20241210,20341105,Individual,MUMBAI
HEPOL100045,Prakash Desai,19780619,F,LVFKL5626G,918481747625,prakash.desai45@gmail.com,Bajaj Allianz,Standard Plan,300000,39218,20241226,20350218,Individual,BENGALURU
HEPOL100046,Nitin Sharma,227,F,WRRXF4143N,19000220648,nitin.sharma46@gmail.com,ICICI Lombard,Standard Plan,300000,29957,20221116,20330523,Family Floater,HYDERABAD
HEPOL100047,Vikas Joshi,19940825,M,GVTVM48800,18978260823,vikas.joshi47@gmail.com,ICICI Lombard,Standard Plan,1000000,34484,20221220,20260708,Individual,MUMBAI
HEPOL100048,Kiran Verma,19761108,F,RJFRP2005V,17165323032,kiran.verma48@gmail.com,Bajaj Allianz,Standard Plan,500000,36543,20230110,20260724,Family Floater,BENGALURU
HEPOL100049,Vikas Desai,19761117,F,ZQAPI1602U,17462497843,vikas.desai49@gmail.com,HDFC Life,Standard Plan,500000,11371,20240408,20310615,Family Floater,CHENNAI
HEPOL100050,Kiran Patil,19810730,F,NJVCK2803E,917707293765,kiran.patil50@gmail.com,HDFC Life,Standard Plan,500000,31002,20230711,20261205,Family Floater,MUMBAI
HEPOL100051,Manoj Mehta,19770511,F,WGOXW8583B,917199580224,manoj.mehta51@gmail.com,HDFC Life,Standard Plan,500000,30082,20231223,20320403,Individual,HYDERABAD
HEPOL100052,Anil Mehta,19961026,M,YAFNV9999L,919556862749,anil.mehta52@gmail.com,Bajaj Allianz,Standard Plan,300000,17524,20220516,20330217,Family Floater,CHENNAI
HEPOL100053,Manoj Mehta,19681010,M,STXIE3923A,919347582038,manoj.mehta53@gmail.com,Bajaj Allianz,Standard Plan,500000,28169,20230126,20291024,Individual,HYDERABAD
HEPOL100054,Rohit Mehta,19870925,F,AGKKR16240,918599391892,rohit.mehta54@gmail.com,Tata AIG,Standard Plan,300000,26024,20240408,20330618,Family Floater,CHENNAI
HEPOL100055,Vikas Desai,19890531,F,ZIXER5539U,919844160231,vikas.desai55@gmail.com,ICICI Lombard,Standard Plan,1000000,10208,20230112,20280129,Family Floater,BENGALURU
HEPOL100056,Rahul Patil,19961010,M,EDBIW6407F,17924966060,rahul.patil56@gmail.com,HDFC Life,Standard Plan,500000,29162,20220807,20331012,Family Floater,BENGALURU
HEPOL100057,Kiran Joshi,19921101,M,HENNK8864E,18086589206,kiran.joshi57@gmail.com,ICICI Lombard,Standard Plan,1000000,15215,20220927,20250318,Family Floater,BENGALURU
HEPOL100058,Nitin Gupta,19781111,F,XWKOJ1312D,17645236926,nitin.gupta58@gmail.com,ICICI Lombard,Standard Plan,1000000,25817,20240408,20301001,Family Floater,CHENNAI
HEPOL100059,Vikas Mehta,19900709,M,SOCJM9155O,19027575322,vikas.mehta59@gmail.com,Tata AIG,Standard Plan,1000000,30668,20230313,20260105,Family Floater,CHENNAI
HEPOL100060,Vikas Verma,19820226,F,LOSRB6071I,18044607351,vikas.verma60@gmail.com,ICICI Lombard,Standard Plan,500000,16412,20221115,20261226,Family Floater,HYDERABAD
HEPOL100061,Suresh Sharma,19720118,M,QLLXM4713R,18677101911,suresh.sharma61@gmail.com,Bajaj Allianz,Standard Plan,1000000,8024,20240608,20321208,Family Floater,MUMBAI
HEPOL100062,Nitin Kulkarni,19981026,F,CCJTW2008N,17583110406,nitin.kulkarni62@gmail.com,SBI Life,Standard Plan,1000000,11346,20220724,20250501,Family Floater,BENGALURU
HEPOL100063,Kiran Kulkarni,19840610,F,UFNXG41988,19860037166,kiran.kulkarni63@gmail.com,SBI Life,Standard Plan,300000,15561,20220628,20280401,Family Floater,MUMBAI
HEPOL100064,Amit Mehta,19720816,F,BCPPW2121H,18914110860,amit.mehta64@gmail.com,Tata AIG,Standard Plan,500000,37737,20230222,20300623,Individual,DELHI
HEPOL100065,Manoj Joshi,19000712,M,GZZEA1616A,17803225610,manoj.joshi65@gmail.com,Tata AIG,Standard Plan,300000,14403,20231104,20281123,Individual,HYDERABAD
HEPOL100066,Vikas Joshi,19760503,M,THOAF4647T,17174165938,vikas.joshi66@gmail.com,Bajaj Allianz,Standard Plan,1000000,36299,20230405,20330131,Family Floater,MUMBAI
HEPOL100067,Manoj Desai,19820123,M,PFEST4971H,917367991076,manoj.desai67@gmail.com,Bajaj Allianz,Standard Plan,1000000,33546,20220720,20310924,Family Floater,BENGALURU
HEPOL100068,Vikas Verma,19670519,M,SGXVN1970K,918980249877,vikas.verma68@gmail.com,ICICI Lombard,Standard Plan,500000,10585,20220811,20261203,Family Floater,HYDERABAD
HEPOL100069,Nitin Joshi,19660526,F,FNZMH7998A,917311985676,nitin.joshi69@gmail.com,Tata AIG,Standard Plan,300000,20986,20220502,20311111,Family Floater,BENGALURU
HEPOL100070,Rahul Gupta,19770811,F,EIZRU5147F,918033708449,rahul.gupta70@gmail.com,ICICI Lombard,Standard Plan,1000000,39871,20220718,20250803,Family Floater,MUMBAI
HEPOL100071,Amit Mehta,19701127,M,MMGIES138J,919360205857,amit.mehta71@gmail.com,SBI Life,Standard Plan,300000,30229,20220820,20260103,Individual,BENGALURU
HEPOL100072,Kiran Desai,19880113,F,GICMX8326R,919919067649,kiran.desai72@gmail.com,SBI Life,Standard Plan,500000,15383,20230115,20330923,Family Floater,DELHI
HEPOL100073,Prakash Kulkarni,19650307,M,UWOWC2799Z,918914757106,prakash.kulkarni73@gmail.com,HDFC Life,Standard Plan,1000000,38281,20231120,20340408,Individual,BENGALURU
HEPOL100074,Manoj Patil,19870617,F,LEYMX6994N,918698265805,manoj.patil74@gmail.com,ICICI Lombard,Standard Plan,500000,24335,20221101,20281022,Individual,MUMBAI
HEPOL100075,Nitin Kulkarni,19910918,F,VOSDB6977W,919708664744,nitin.kulkarni75@gmail.com,Bajaj Allianz,Standard Plan,1000000,38661,20231014,20260421,Family Floater,CHENNAI
HEPOL100076,Vikas Sharma,19841021,F,FOGUS3703F,918841769859,vikas.sharma76@gmail.com,HDFC Life,Standard Plan,500000,26267,20240810,20300515,Individual,BENGALURU
HEPOL100077,Kiran Sharma,19650918,F,HGPYQ1661J,17484397560,kiran.sharma77@gmail.com,Tata AIG,Standard Plan,500000,26976,20241030,20261004,Individual,BENGALURU
HEPOL100078,Anil Kulkarni,19940627,F,UKDOF9021C,17404173755,anil.kulkarni78@gmail.com,ICICI Lombard,Standard Plan,1000000,33043,20231020,20341003,Family Floater,PUNE
HEPOL100079,Suresh Mehta,19880913,M,VOODU2721W,18816918204,suresh.mehta79@gmail.com,HDFC Life,Standard Plan,300000,34137,20240922,20300110,Individual,PUNE
HEPOL100080,Vikas Gupta,19750508,F,KTDD05902E,17116928332,vikas.gupta80@gmail.com,Tata AIG,Standard Plan,500000,30114,20240909,20351010,Family Floater,PUNE
HEPOL100081,Anil Patil,19721015,M,DQMAN9211U,17641215758,anil.patil81@gmail.com,ICICI Lombard,Standard Plan,300000,19213,20230609,20280725,Individual,DELHI
HEPOL100082,Rahul Joshi,19930514,M,UXLG T9977Z,17001717498,rahul.joshi82@gmail.com,HDFC Life,Standard Plan,1000000,12335,20220726,20340424,Family Floater,PUNE
HEPOL100083,Amit Patil,19810112,M,WYLTH6762D,19603863601,amit.patil83@gmail.com,Bajaj Allianz,Standard Plan,1000000,22102,20230924,20270119,Individual,BENGALURU
HEPOL100084,Amit Mehta,19751117,F,UXTQO2419Q,919582814589,amit.mehta84@gmail.com,Bajaj Allianz,Standard Plan,500000,12942,20220611,20301123,Family Floater,CHENNAI
HEPOL100085,Amit Joshi,19890310,M,XUMAM3270A,918470604283,amit.joshi85@gmail.com,HDFC Life,Standard Plan,500000,13843,20241223,20301108,Individual,DELHI
HEPOL100086,Rohit Mehta,19830525,M,KPUKQ4699A,918964492390,rohit.mehta86@gmail.com,Tata AIG,Standard Plan,300000,19307,20220523,20320824,Individual,CHENNAI
HEPOL100087,Rahul Sharma,19730621,M,UIVYT3049M,918185327941,rahul.sharma87@gmail.com,SBI Life,Standard Plan,300000,16619,20221105,20330301,Family Floater,PUNE
HEPOL100088,Rahul Joshi,19720503,F,YUDDW7539E,919243631655,rahul.joshi88@gmail.com,Bajaj Allianz,Standard Plan,300000,18456,20241013,20260503,Family Floater,PUNE
HEPOL100089,Rohit Gupta,19900523,M,TUMIV7894J,919211289584,rohit.gupta89@gmail.com,ICICI Lombard,Standard Plan,1000000,15915,20220331,20300721,Family Floater,HYDERABAD
HEPOL100090,Vikas Joshi,19720928,F,EPAAH7290Q,19795755477,vikas.joshi90@gmail.com,Bajaj Allianz,Standard Plan,1000000,35973,20221204,20270120,Individual,BENGALURU
HEPOL100091,Manoj Desai,19650321,F,WSFZY6962Q,19001340924,manoj.desai91@gmail.com,Bajaj Allianz,Standard Plan,500000,34858,20240712,20250614,Family Floater,PUNE
HEPOL100092,Amit Desai,19660801,M,NPARG5444A,19537231078,amit.desai92@gmail.com,SBI Life,Standard Plan,1000000,18745,20230803,20250429,Individual,CHENNAI
HEPOL100093,Kiran Mehta,19900808,M,JLOHX4445G,18564632548,kiran.mehta93@gmail.com,HDFC Life,Standard Plan,500000,15274,20240302,20280416,Individual,BENGALURU
HEPOL100094,Prakash Sharma,19800416,M,OEQCB2333A,19362581491,prakash.sharma94@gmail.com,HDFC Life,Standard Plan,300000,34153,20230526,20340222,Family Floater,PUNE
HEPOL100095,Anil Gupta,19940921,F,XGDIU7818V,17449063293,anil.gupta95@gmail.com,Bajaj Allianz,Standard Plan,500000,30441,20230408,20331015,Individual,HYDERABAD
HEPOL100096,Manoj Joshi,19810404,F,FCKGC8140G,19077269441,manoj.joshi96@gmail.com,SBI Life,Standard Plan,1000000,32333,20221125,20260616,Individual,PUNE
HEPOL100097,Rohit Patil,19760118,M,YHSAE4636F,18113309473,rohit.patil97@gmail.com,Tata AIG,Standard Plan,1000000,23720,20220819,20350518,Family Floater,BENGALURU
HEPOL100098,Amit Patil,19841211,M,VMHJI7160B,17646866689,amit.patil98@gmail.com,Tata AIG,Standard Plan,500000,8730,20240422,20290101,Family Floater,HYDERABAD
HEPOL100099,Kiran Patil,19811221,M,WNACQ4774U,917482219804,kiran.patil99@gmail.com,ICICI Lombard,Standard Plan,1000000,8092,20230811,20270408,Family Floater,CHENNAI